,name,cuda,seed,exp_name,num_envs,max_steps,num_steps,prod_mode,num_bot_envs,wandb_entity,capture_video,learning_rate,num_eval_runs,total_timesteps,agent_model_path,num_selfplay_envs,wandb_project_name,torch_deterministic,charts/lightRushAI/win,charts/guidedRojoA3N/win,charts/guidedRojoA3N/tie,RL agent against naiveMCTSAI,charts/izanagi/win,charts/droplet/loss,RL agent against izanagi,charts/coacAI/loss,charts/droplet/win,charts/workerRushAI/tie,charts/lightRushAI/tie,charts/naiveMCTSAI/loss,charts/total_parameters,RL agent against droplet,RL agent against workerRushAI,global_step,charts/tiamat/tie,charts/mixedBot/loss,charts/cumulative_match_results/tie,RL agent against rojo,RL agent against tiamat,RL agent against mixedBot,charts/cumulative_match_results/win,Match results,charts/rojo/loss,charts/mixedBot/tie,RL agent against randomBiasedAI,charts/cumulative_match_results/win rate,charts/coacAI/tie,charts/mixedBot/win,charts/randomAI/tie,charts/cumulative_match_results/loss,charts/cumulative_match_results/tie rate,charts/izanagi/tie,charts/workerRushAI/loss,charts/guidedRojoA3N/loss,charts/randomBiasedAI/loss,charts/cumulative_match_results/loss rate,charts/tiamat/win,charts/randomAI/win,charts/naiveMCTSAI/win,RL agent against lightRushAI,_step,_runtime,charts/naiveMCTSAI/tie,RL agent against guidedRojoA3N,RL agent against randomAI,RL agent against passiveAI,charts/workerRushAI/win,charts/randomBiasedAI/win,charts/rojo/tie,charts/passiveAI/tie,charts/randomAI/loss,RL agent against coacAI,charts/tiamat/loss,charts/izanagi/loss,charts/passiveAI/win,_timestamp,charts/rojo/win,charts/coacAI/win,charts/randomBiasedAI/tie,charts/droplet/tie,charts/passiveAI/loss,charts/lightRushAI/loss
0,ppo_gridnet_selfplay_encode_decode__1__1617673111,True,1,ppo_gridnet_selfplay_encode_decode,16,4000,256,True,0,vwxyzjn,True,0.00025,100,100000000,trained_models/ppo_gridnet_selfplay_encode_decode/agent-1.pt,16,gym-microrts-paper-eval,True,81,90,2,"{'path': 'media/videos/RL agent against naiveMCTSAI_212_f2d316d0.mp4', 'size': 1196703, '_type': 'video-file', 'sha256': 'f2d316d0a7c38e655cc3de3695e732b30617c8936e3f5911f596b7c4733e1f2f'}",62,67,"{'path': 'media/videos/RL agent against izanagi_285_0f6e7a17.mp4', 'size': 812011, '_type': 'video-file', 'sha256': '0f6e7a17e17e2d9f5920c95546e09580a6e77ca46afe93c4267889d09c4784e3'}",87,29,0,0,12,838191,"{'path': 'media/videos/RL agent against droplet_327_6692cfb5.mp4', 'size': 658650, '_type': 'video-file', 'sha256': '6692cfb546cd6c061e4e6c5ebc83b0c2478fb031368887e3641b5ea8f4e4765e'}","{'path': 'media/videos/RL agent against workerRushAI_70_63cbe1f3.mp4', 'size': 722817, '_type': 'video-file', 'sha256': '63cbe1f38d9bfe2b9b306cefd7004597e4cf0a4ab74c4f982bc457ec0056e8b6'}",0,0,13,80,"{'path': 'media/videos/RL agent against rojo_255_1ec1645e.mp4', 'size': 586290, '_type': 'video-file', 'sha256': '1ec1645e76f2efa952c972211e7427ac42b919b661c222cda3ecea456997293c'}","{'size': 672800, '_type': 'video-file', 'sha256': '29277580305c6292f20991cd4dfa69a1352f17d49964fcda6cd8edfc241a7729', 'path': 'media/videos/RL agent against tiamat_299_29277580.mp4'}","{'size': 632478, '_type': 'video-file', 'sha256': 'dbf50d979457065cc9ac3f4103308603763f8e9b7bb925172a7eb10115cabc71', 'path': 'media/videos/RL agent against mixedBot_230_dbf50d97.mp4'}",923,"{'_type': 'image-file', 'width': 1500, 'format': 'png', 'height': 1200, 'sha256': '23d9f32795b6f023d30ddb24fecfa36b427a6f95abbdd76d3bf5584ce67b82a6', 'path': 'media/images/Match results_359_23d9f327.png', 'size': 74377}",6,0,"{'size': 886945, '_type': 'video-file', 'sha256': '99f2e71f7830f765b5f97e83e2ae84082a4ad3160b4eb842ab20610ed1c873f8', 'path': 'media/videos/RL agent against randomBiasedAI_21_99f2e71f.mp4'}",0.7099999785423279,0,87,0,297,0.0615384615957737,11,54,8,0,0.22846153378486633,96,100,25,"{'size': 729338, '_type': 'video-file', 'sha256': 'ef4e8cb725dedafe4e27dd7bd8b00aa4a6695407aa5366d4632e3582fd8bedb4', 'path': 'media/videos/RL agent against lightRushAI_96_ef4e8cb7.mp4'}",360,33645.0,63,"{'path': 'media/videos/RL agent against guidedRojoA3N_358_3bb00b36.mp4', 'size': 969149, '_type': 'video-file', 'sha256': '3bb00b367484119918791440517a979b72559ee8db4493145ca8592343aa44be'}","{'sha256': '219080f73d007d8ffbda2b57dcbc0d837fb4ec597052ed1d4dcc915cb7c39f80', 'path': 'media/videos/RL agent against randomAI_36_219080f7.mp4', 'size': 587103, '_type': 'video-file'}","{'_type': 'video-file', 'sha256': 'f85eefa965f46151dd5a052afddc548597ff562d4906fad97f1eefc6e9901fe4', 'path': 'media/videos/RL agent against passiveAI_47_f85eefa9.mp4', 'size': 486517}",46,100,0,0,0,"{'_type': 'video-file', 'sha256': '7fc8dfb6c9a7aa96caccf30a5e92bd4b47a28eedbc656657f02aaf7e3fee01d2', 'path': 'media/videos/RL agent against coacAI_128_7fc8dfb6.mp4', 'size': 792669}",4,27,100,1617706757.7976031,94,13,0,4,0,19
1,ppo_gridnet_selfplay_diverse_encode_decode__1__1617673101,True,1,ppo_gridnet_selfplay_diverse_encode_decode,16,4000,256,True,0,vwxyzjn,True,0.00025,100,100000000,trained_models/ppo_gridnet_selfplay_diverse_encode_decode/agent-1.pt,16,gym-microrts-paper-eval,True,79,90,8,"{'path': 'media/videos/RL agent against naiveMCTSAI_218_0b5e0548.mp4', 'size': 1353989, '_type': 'video-file', 'sha256': '0b5e0548b1f871c4439bf7310f71f0a5abba518cf428c2f50758be0a44f71d10'}",69,58,"{'size': 882891, '_type': 'video-file', 'sha256': 'e6a4466c5a51418da436b6134bc408542b130a195e9bd120dfd6f5de5aee3d11', 'path': 'media/videos/RL agent against izanagi_295_e6a4466c.mp4'}",93,36,1,0,11,838191,"{'path': 'media/videos/RL agent against droplet_342_6fa37e5a.mp4', 'size': 919171, '_type': 'video-file', 'sha256': '6fa37e5a489dc49fe27827485f5caafc09b30f167946b22efe200857ada57f37'}","{'path': 'media/videos/RL agent against workerRushAI_75_c8e8301f.mp4', 'size': 796470, '_type': 'video-file', 'sha256': 'c8e8301f88d8ec4915a058117292e888f4d56817d4791c1357227ffadbbe4c81'}",0,0,11,88,"{'path': 'media/videos/RL agent against rojo_265_b912d282.mp4', 'size': 677225, '_type': 'video-file', 'sha256': 'b912d282422db15438062aaf284e47ae5230d095f6ff762442ab44bb1842af86'}","{'sha256': '9ca065da4b643aa7af4b98927e547a9ad6a34a62eeacee7ada0cb59243744e18', 'path': 'media/videos/RL agent against tiamat_312_9ca065da.mp4', 'size': 634424, '_type': 'video-file'}","{'size': 712724, '_type': 'video-file', 'sha256': 'e07f5b84ea080ef99126330826756dbdd528400a70453af97e64627affe067af', 'path': 'media/videos/RL agent against mixedBot_238_e07f5b84.mp4'}",935,"{'_type': 'image-file', 'width': 1500, 'format': 'png', 'height': 1200, 'sha256': 'aa86372e534a62f7ef5f1c205b0e214ffe9d212be7821d9d45de4811a04b43da', 'path': 'media/images/Match results_377_aa86372e.png', 'size': 77063}",3,0,"{'path': 'media/videos/RL agent against randomBiasedAI_21_bc565bab.mp4', 'size': 832678, '_type': 'video-file', 'sha256': 'bc565babc19c96dad1b410cb9be1835a814dcf8f926e791591af576dd1aec3d5'}",0.7192307710647583,0,89,0,277,0.06769230961799622,8,47,2,0,0.21307691931724548,92,100,25,"{'path': 'media/videos/RL agent against lightRushAI_102_779947c5.mp4', 'size': 735036, '_type': 'video-file', 'sha256': '779947c589194c3771661d6acc2e95ca820fb28f0f7d2154db7f20132af1b5e8'}",378,35306.0,64,"{'path': 'media/videos/RL agent against guidedRojoA3N_376_c54f4a9e.mp4', 'size': 835252, '_type': 'video-file', 'sha256': 'c54f4a9ef9f847c2851e31f2c5d56946368a8421eea5d75e41d2dba341b69278'}","{'path': 'media/videos/RL agent against randomAI_37_ade40eb6.mp4', 'size': 706616, '_type': 'video-file', 'sha256': 'ade40eb620e612ee98ef9cab039e6c67a14a6868666625579b069e179ee9dc08'}","{'_type': 'video-file', 'sha256': 'c45f5b8d152162781c249bc30dada64eff0dd4a5c3a6c2ce0e4083fcf6eb28a9', 'path': 'media/videos/RL agent against passiveAI_49_c45f5b8d.mp4', 'size': 505919}",52,100,1,0,0,"{'path': 'media/videos/RL agent against coacAI_133_ffe36234.mp4', 'size': 889405, '_type': 'video-file', 'sha256': 'ffe36234afe7a7304b22778a07e98253887312f9b1b11c038e97ecfa366e46a9'}",8,23,100,1617708407.1405346,96,7,0,6,0,21
2,ppo_gridnet_coacai_no_mask__1__1617249550,True,1,ppo_gridnet_coacai_no_mask,16,4000,256,True,0,vwxyzjn,True,0.00025,100,100000000,trained_models/ppo_gridnet_coacai_no_mask/agent-1.pt,16,gym-microrts-paper-eval,True,0,0,0,"{'path': 'media/videos/RL agent against naiveMCTSAI_350_06da7edc.mp4', 'size': 794915, '_type': 'video-file', 'sha256': '06da7edc3147d52519090749bf1517136ee3b4552e759e2ab762a77fe8c77ca1'}",0,100,"{'path': 'media/videos/RL agent against izanagi_406_cc715468.mp4', 'size': 535653, '_type': 'video-file', 'sha256': 'cc7154687da954f77d9558c6b62f50229e222511579b775672b6e52ca3b93871'}",100,0,0,0,100,5433185,"{'path': 'media/videos/RL agent against droplet_433_c56ab23e.mp4', 'size': 531046, '_type': 'video-file', 'sha256': 'c56ab23eaff4163d2a4ac38c39b4e07b646efa74d08e96983b529c56e18b9c5a'}","{'path': 'media/videos/RL agent against workerRushAI_285_1b5d1b82.mp4', 'size': 528042, '_type': 'video-file', 'sha256': '1b5d1b8222084729bd3a7c58b0be227341cecf52df2b7156ac5f2a427c927df3'}",0,0,100,209,"{'path': 'media/videos/RL agent against rojo_388_37cda7bd.mp4', 'size': 739802, '_type': 'video-file', 'sha256': '37cda7bd8f0fa118ceba6f70347fdf1f517a1109a550656f70d25a11309144d3'}","{'sha256': 'b3b078df2f6f004493d9bd151100b750f404a5e475c9ffd0ff8a039f3554282c', 'path': 'media/videos/RL agent against tiamat_423_b3b078df.mp4', 'size': 275268, '_type': 'video-file'}","{'size': 453041, '_type': 'video-file', 'sha256': 'edaaf8a9b1a974cac29dd5fe860445221abb0fe4266947ad8c0a3f227ad2fb42', 'path': 'media/videos/RL agent against mixedBot_367_edaaf8a9.mp4'}",0,"{'height': 1200, 'sha256': '24c2d85340354cf0637c06c1653280428fbb30410cd016e465c89a7781ee67a7', 'path': 'media/images/Match results_455_24c2d853.png', 'size': 60402, '_type': 'image-file', 'width': 1500, 'format': 'png'}",100,0,"{'path': 'media/videos/RL agent against randomBiasedAI_74_5c31e301.mp4', 'size': 764090, '_type': 'video-file', 'sha256': '5c31e30108b810e862fbec1733662986d40755a223303206ff24eb3623c015a4'}",0.0,0,0,100,1091,0.16076922416687012,0,100,100,91,0.8392307758331299,0,0,0,"{'path': 'media/videos/RL agent against lightRushAI_301_cba8706d.mp4', 'size': 456236, '_type': 'video-file', 'sha256': 'cba8706dec91b9e2ba1401407b631ea522414978998628f84cb3d83e7ce43768'}",456,30229.0,0,"{'path': 'media/videos/RL agent against guidedRojoA3N_454_5698c1a4.mp4', 'size': 641652, '_type': 'video-file', 'sha256': '5698c1a463ece4f19b6a0a42e3b790bdab8f57b4ce58a587de6b0debaf754268'}","{'path': 'media/videos/RL agent against randomAI_175_4a08c567.mp4', 'size': 401533, '_type': 'video-file', 'sha256': '4a08c567ff01cb6469650b9d9d57e633e44d0ece3922c7805ed2ad97925119d9'}","{'path': 'media/videos/RL agent against passiveAI_276_7176649d.mp4', 'size': 284715, '_type': 'video-file', 'sha256': '7176649d7eabb8ef90a19367a56723f91f1ef5a619e2d74b554739975d1cf667'}",0,0,0,100,0,"{'path': 'media/videos/RL agent against coacAI_321_fa9a400b.mp4', 'size': 557137, '_type': 'video-file', 'sha256': 'fa9a400ba2b62cb836a8b8e5c9ad479ab6ec93d52ecfe95331aa4a8442c80965'}",100,100,0,1617279780.9719725,0,0,9,0,0,100
3,ppo_coacai_naive__1__1617076896,True,1,ppo_coacai_naive,16,4000,256,True,0,vwxyzjn,True,0.00025,100,100000000,trained_models/ppo_coacai_naive/agent-3.pt,16,gym-microrts-paper-eval,True,0,0,0,"{'size': 656411, '_type': 'video-file', 'sha256': '00911ca2c9d3144ed8d4411346d037261f182f69433aac6340128b9c2d9e2f10', 'path': 'media/videos/RL agent against naiveMCTSAI_380_00911ca2.mp4'}",0,100,"{'size': 443411, '_type': 'video-file', 'sha256': '4dad78dc93aab6aca4df8afb31ff504b1e45a10315c8cb8041886d9382497167', 'path': 'media/videos/RL agent against izanagi_444_4dad78dc.mp4'}",100,0,0,0,98,387247,"{'path': 'media/videos/RL agent against droplet_472_23c26b74.mp4', 'size': 516054, '_type': 'video-file', 'sha256': '23c26b743853ae547c00f1eafe2c562ea442881d208146959515d1eb64d5abd7'}","{'path': 'media/videos/RL agent against workerRushAI_299_3564f5a0.mp4', 'size': 531137, '_type': 'video-file', 'sha256': '3564f5a0dc307adade4f853bc7e12f2a40181ede506d0914f0454666a3a091e7'}",0,0,100,247,"{'path': 'media/videos/RL agent against rojo_424_1537943e.mp4', 'size': 551672, '_type': 'video-file', 'sha256': '1537943eba98d328269b0e4df5ef8690bd23b5bf57028b99f33d7811ab3ddd8a'}","{'path': 'media/videos/RL agent against tiamat_462_572e7bdf.mp4', 'size': 404877, '_type': 'video-file', 'sha256': '572e7bdf91714bb73dd313dcf17054b343c715464fa221c42cb4072c3453cd3c'}","{'_type': 'video-file', 'sha256': '738a792963f854195b87323e12a7d09fa5cdf285e8474c57fdbf19e1c23678e8', 'path': 'media/videos/RL agent against mixedBot_399_738a7929.mp4', 'size': 429307}",0,"{'format': 'png', 'height': 1200, 'sha256': 'ae80d3b6670603ae441bc71aa28ce46b59753a06bbc60b2c6e240275fb9e265d', 'path': 'media/images/Match results_497_ae80d3b6.png', 'size': 61097, '_type': 'image-file', 'width': 1500}",100,0,"{'path': 'media/videos/RL agent against randomBiasedAI_87_e0cdb7be.mp4', 'size': 734856, '_type': 'video-file', 'sha256': 'e0cdb7bef925874a150fa8e1d0477d8f6d7b2b95261d07794d3540a28488cd69'}",0.0,0,0,100,1053,0.1899999976158142,0,100,100,55,0.8100000023841858,0,0,0,"{'path': 'media/videos/RL agent against lightRushAI_317_f4a45df4.mp4', 'size': 381834, '_type': 'video-file', 'sha256': 'f4a45df45342626833f2ae6d8a9dd348c59ce7a3f896007a96e4bd0014f539fd'}",498,33484.0,2,"{'path': 'media/videos/RL agent against guidedRojoA3N_496_667ac30e.mp4', 'size': 628392, '_type': 'video-file', 'sha256': '667ac30e36b8afde319257e5f13ba6c379ee741f36e9607695bb79881f99c9c6'}","{'path': 'media/videos/RL agent against randomAI_188_1f95158c.mp4', 'size': 362123, '_type': 'video-file', 'sha256': '1f95158c0a362255f6e65b74669f64679d98925e965edc28357671c81d291fc8'}","{'path': 'media/videos/RL agent against passiveAI_289_3cc4aac3.mp4', 'size': 328770, '_type': 'video-file', 'sha256': '3cc4aac3cdc22067ee173a5d09c4e26ea04b21989318c12352f9e42ff7a02eef'}",0,0,0,100,0,"{'path': 'media/videos/RL agent against coacAI_340_75465aa1.mp4', 'size': 450328, '_type': 'video-file', 'sha256': '75465aa1215786608c37a4ad7b500c77a98c800150c70714088220ac13c29b7d'}",100,100,0,1617110385.800779,0,0,45,0,0,100
4,ppo_coacai_partial_mask__1__1617076877,True,1,ppo_coacai_partial_mask,16,4000,256,True,0,vwxyzjn,True,0.00025,100,100000000,trained_models/ppo_coacai_partial_mask/agent-4.pt,16,gym-microrts-paper-eval,True,24,29,53,"{'path': 'media/videos/RL agent against naiveMCTSAI_413_eb0c7140.mp4', 'size': 718904, '_type': 'video-file', 'sha256': 'eb0c714016de1b52e82dd53bdd60ed759d5b1d74e16341465084d8c259d17071'}",2,63,"{'sha256': '4e2bb7fd11fc02c1821fcbb49c0f2b9ef7bcfeffc6da2e1e7be49fe8d294f553', 'path': 'media/videos/RL agent against izanagi_583_4e2bb7fd.mp4', 'size': 794887, '_type': 'video-file'}",99,16,16,6,29,387247,"{'path': 'media/videos/RL agent against droplet_686_87d3279b.mp4', 'size': 660981, '_type': 'video-file', 'sha256': '87d3279b978ecc1874fcd330044ccf9dc0dbff0b6e817e833ccba56d62a9259d'}","{'_type': 'video-file', 'sha256': '7ea7db63756deaca9afe62b4616d8660555cbd702cea223a492a56fdac142a07', 'path': 'media/videos/RL agent against workerRushAI_212_7ea7db63.mp4', 'size': 650378}",0,4,94,289,"{'sha256': 'a3653c55e4d2b39e57c82ddc4c991ec0ae12b93e22ef903991e4cbdba4348f02', 'path': 'media/videos/RL agent against rojo_537_a3653c55.mp4', 'size': 581376, '_type': 'video-file'}","{'sha256': '080d3a163c3e252de8e26fdc472f4fac2aa6bfb03457f90e683b0034a050034d', 'path': 'media/videos/RL agent against tiamat_640_080d3a16.mp4', 'size': 593308, '_type': 'video-file'}","{'path': 'media/videos/RL agent against mixedBot_463_e59631d4.mp4', 'size': 703752, '_type': 'video-file', 'sha256': 'e59631d438cf2e248e88068f25f081126843cd432f891e0e478b25d5dfd6a8c0'}",413,"{'format': 'png', 'height': 1200, 'sha256': '8143bacd6e8eabf6a392c35bc0e48f561f261cb7eabab826efa093cc8d3b2d4f', 'path': 'media/images/Match results_773_8143bacd.png', 'size': 80844, '_type': 'image-file', 'width': 1500}",7,2,"{'sha256': '0e8c8f3342acf231c33087276a3ac2e5691ee2d3b15ec82a615afd80b982b0a5', 'path': 'media/videos/RL agent against randomBiasedAI_73_0e8c8f33.mp4', 'size': 659402, '_type': 'video-file'}",0.3176923096179962,1,4,22,598,0.2223076969385147,2,50,18,0,0.4600000083446502,24,78,0,"{'_type': 'video-file', 'sha256': 'b11e260a1b2bd126c7627650e9048f516877681ad22055c1ac06633f0957a23f', 'path': 'media/videos/RL agent against lightRushAI_270_b11e260a.mp4', 'size': 579398}",774,56657.0,71,"{'_type': 'video-file', 'sha256': '1d18dd2e96ef3e29bb7f57af81231d2f53be4754c3e5c8659b156399aa92e4aa', 'path': 'media/videos/RL agent against guidedRojoA3N_772_1d18dd2e.mp4', 'size': 657341}","{'path': 'media/videos/RL agent against randomAI_128_f405ada3.mp4', 'size': 519957, '_type': 'video-file', 'sha256': 'f405ada3846f387105e9050f667da886f26c9edde2b39af7eb0dc641960ca22c'}","{'size': 515026, '_type': 'video-file', 'sha256': '4421d949dd646b1c722b7d652e9da45fe16b9c50d6c1e6308f51979debdfcda2', 'path': 'media/videos/RL agent against passiveAI_164_4421d949.mp4'}",34,53,40,4,0,"{'path': 'media/videos/RL agent against coacAI_320_b966affb.mp4', 'size': 382822, '_type': 'video-file', 'sha256': 'b966affb05c08c0cc18207b7e9441250c21bf5814313133bc11b7a94f901e61b'}",72,96,96,1617133535.9823616,53,0,47,21,0,70
5,ppo_diverse__1__1617070493,True,1,ppo_diverse,16,4000,256,True,0,vwxyzjn,True,0.00025,100,100000000,trained_models/ppo_diverse/agent-4.pt,16,gym-microrts-paper-eval,True,100,93,6,"{'path': 'media/videos/RL agent against naiveMCTSAI_258_643813e9.mp4', 'size': 520320, '_type': 'video-file', 'sha256': '643813e90d5aeed7a7ea93a6e48b60ec35665639e3dc681b112c06380154e974'}",90,56,"{'path': 'media/videos/RL agent against izanagi_329_b8fd2ce1.mp4', 'size': 630397, '_type': 'video-file', 'sha256': 'b8fd2ce1e0752456cfa59daa78c92fa3308f732873a5b0fe8825101cc6cf47e6'}",13,36,7,0,0,387247,"{'path': 'media/videos/RL agent against droplet_389_748007f6.mp4', 'size': 619722, '_type': 'video-file', 'sha256': '748007f685225f6f8d29d8665e23a9f70177f5900cc50db3c9bd98cdbdd43e56'}","{'size': 600475, '_type': 'video-file', 'sha256': 'b027ba1cc7216db23b7e6b7055b18ae9bc854910bfb51ebc7d0977f2d53cbebb', 'path': 'media/videos/RL agent against workerRushAI_103_b027ba1c.mp4'}",0,0,0,122,"{'size': 686495, '_type': 'video-file', 'sha256': '1dae040c3a1a35f155eb6329ccff8534cf85fd5a70344641d62ec68ed9bf1bc7', 'path': 'media/videos/RL agent against rojo_299_1dae040c.mp4'}","{'path': 'media/videos/RL agent against tiamat_345_008d0a2a.mp4', 'size': 619987, '_type': 'video-file', 'sha256': '008d0a2a87275f5aff3b6b5b3e42ece1f694ed954dc1dbf3926e02dd31ad053e'}","{'path': 'media/videos/RL agent against mixedBot_274_854248cd.mp4', 'size': 522879, '_type': 'video-file', 'sha256': '854248cd5e4d0110273b475729032f5e27083ee09e171841582098cb74bb8a48'}",1072,"{'path': 'media/images/Match results_424_8b78386e.png', 'size': 68502, '_type': 'image-file', 'width': 1500, 'format': 'png', 'height': 1200, 'sha256': '8b78386ee4f718e632636d64a36e06896466d2f3ed749fb910d0392cef74f201'}",0,0,"{'path': 'media/videos/RL agent against randomBiasedAI_27_0b50e8ff.mp4', 'size': 620117, '_type': 'video-file', 'sha256': '0b50e8ff7dd36e5dd766b87768aa307f5ddd68d3ee6b5dbc3d0ae285f747ad7b'}",0.8246153593063354,1,100,1,106,0.0938461571931839,10,35,1,0,0.08153846114873886,99,99,12,"{'sha256': '546477df2b19a70e663e76da5ae18d72fb79bfb9778a078b379c041e82583e8d', 'path': 'media/videos/RL agent against lightRushAI_129_546477df.mp4', 'size': 592726, '_type': 'video-file'}",425,29557.0,88,"{'path': 'media/videos/RL agent against guidedRojoA3N_423_636689bd.mp4', 'size': 641983, '_type': 'video-file', 'sha256': '636689bd3c0313ca0129c7e230b33d533178f698e1b065058103f7af37d6d988'}","{'path': 'media/videos/RL agent against randomAI_46_16c106fa.mp4', 'size': 514587, '_type': 'video-file', 'sha256': '16c106fac3f97d8645221359284575c0f41485bf5b8c9b0b48b6357caf180f4b'}","{'_type': 'video-file', 'sha256': '100d69bb32839a3d0df2c7ffd9f0f4e448eeb96bb983f821ca9c68a0abaf4495', 'path': 'media/videos/RL agent against passiveAI_60_100d69bb.mp4', 'size': 463639}",58,99,0,0,0,"{'path': 'media/videos/RL agent against coacAI_164_21a36577.mp4', 'size': 541858, '_type': 'video-file', 'sha256': '21a36577f8c821d968972220b2af3d41651e5cf45d499051f069c47817717865'}",1,0,100,1617100051.4740589,100,86,1,8,0,0
6,ppo_gridnet_coacai_partial_mask__1__1616969925,True,1,ppo_gridnet_coacai_partial_mask,16,4000,256,True,0,vwxyzjn,True,0.00025,100,100000000,trained_models/ppo_gridnet_coacai_partial_mask/agent-1.pt,16,gym-microrts-paper-eval,True,0,0,0,"{'_type': 'video-file', 'sha256': '2354925f98c90f64c2254fd02147d1741f895f4572045515847092f6ba29a23e', 'path': 'media/videos/RL agent against naiveMCTSAI_363_2354925f.mp4', 'size': 806695}",0,100,"{'path': 'media/videos/RL agent against izanagi_421_342792bc.mp4', 'size': 558379, '_type': 'video-file', 'sha256': '342792bc1ce29d4a23e78bd4daf9fc7e8920d0058220458d37365da02c6c9164'}",100,0,0,0,100,5433185,"{'path': 'media/videos/RL agent against droplet_448_e8d7f6e2.mp4', 'size': 586632, '_type': 'video-file', 'sha256': 'e8d7f6e2d89cf2365d96b5cc983fce2f5c028d4db066a8a4ef4f553823769f3e'}","{'_type': 'video-file', 'sha256': 'd21f210076ae214f8d95cf26b9138f3d45894fe0dc102d391bccd77164cb2018', 'path': 'media/videos/RL agent against workerRushAI_290_d21f2100.mp4', 'size': 584952}",0,0,100,213,"{'path': 'media/videos/RL agent against rojo_403_9cebb036.mp4', 'size': 808853, '_type': 'video-file', 'sha256': '9cebb036c6b3df0e04ff28e25a6e13202521b405dc769632947a6318c0b35bfe'}","{'path': 'media/videos/RL agent against tiamat_438_20f88eeb.mp4', 'size': 493422, '_type': 'video-file', 'sha256': '20f88eeb562a25991c117f7de013430e5670d09f50993524475037c05c399b53'}","{'sha256': '2bf7d6683da0f4da9cebf194e9aee50c0a042e6e106689e105df21eb278cf034', 'path': 'media/videos/RL agent against mixedBot_381_2bf7d668.mp4', 'size': 546822, '_type': 'video-file'}",0,"{'sha256': '29b86ecef434ffbac51d13a77910cdac3c433fed1e6cb7ddc637e49b60257186', 'path': 'media/images/Match results_471_29b86ece.png', 'size': 61274, '_type': 'image-file', 'width': 1500, 'format': 'png', 'height': 1200}",100,0,"{'path': 'media/videos/RL agent against randomBiasedAI_78_5141ff06.mp4', 'size': 925736, '_type': 'video-file', 'sha256': '5141ff06a76bc7eb6e39195d2e0831d4bae69552de8497123a4b66aa6cb3d348'}",0.0,0,0,100,1087,0.16384615004062653,0,100,100,87,0.8361538648605347,0,0,0,"{'path': 'media/videos/RL agent against lightRushAI_307_47fc2d83.mp4', 'size': 484889, '_type': 'video-file', 'sha256': '47fc2d83263e752200f563e743cf51ffc71c3b2e1dd600481755d5f2bf6fe0fa'}",472,30648.0,0,"{'sha256': '02f026811ac997a94d97ca7a8c68eec89e6db48d3c0a0e8f13f1f1b1dd481f8b', 'path': 'media/videos/RL agent against guidedRojoA3N_470_02f02681.mp4', 'size': 750391, '_type': 'video-file'}","{'path': 'media/videos/RL agent against randomAI_179_66edcd56.mp4', 'size': 531756, '_type': 'video-file', 'sha256': '66edcd5668c41da05ed0f2ba207d3eff468ebebfc2b707426dc3dfb99a76f899'}","{'_type': 'video-file', 'sha256': '6e698001f12a9e783253a02e7fa2ddf475e96a4b6d2bf79680843aa962a941a5', 'path': 'media/videos/RL agent against passiveAI_280_6e698001.mp4', 'size': 464460}",0,0,0,100,0,"{'_type': 'video-file', 'sha256': '646546000575e0b079bbafa3573c56ec51fa359a0be6aa8567ad063f801f661c', 'path': 'media/videos/RL agent against coacAI_328_64654600.mp4', 'size': 693705}",100,100,0,1617000574.2155578,0,0,13,0,0,100
7,ppo_gridnet_coacai_naive__1__1616969916,True,1,ppo_gridnet_coacai_naive,16,4000,256,True,0,vwxyzjn,True,0.00025,100,100000000,trained_models/ppo_gridnet_coacai_naive/agent-1.pt,16,gym-microrts-paper-eval,True,0,0,0,"{'path': 'media/videos/RL agent against naiveMCTSAI_347_9398d854.mp4', 'size': 986780, '_type': 'video-file', 'sha256': '9398d854b97115be24429eb5d9e232be883c43d08ba0b182cf63941a44f2ced0'}",0,100,"{'path': 'media/videos/RL agent against izanagi_419_1f582a27.mp4', 'size': 639209, '_type': 'video-file', 'sha256': '1f582a2767fe5ef25074a2e2ea27fc58ce6bd6a7be143c6b12d4f50e38c55ec0'}",100,0,0,0,100,5433185,"{'path': 'media/videos/RL agent against droplet_454_216fefa2.mp4', 'size': 690479, '_type': 'video-file', 'sha256': '216fefa2601b538aea39da2eff5e455ab756846836d4267b9e9fdb46d1f9c289'}","{'size': 652327, '_type': 'video-file', 'sha256': 'bb6140923579802fc2a1232aa8787a2a7b6283f0938286e7e079bef020e73fcb', 'path': 'media/videos/RL agent against workerRushAI_269_bb614092.mp4'}",0,0,100,126,"{'_type': 'video-file', 'sha256': 'cbbabc134eea9b534dc3ae384052ca89bffc0b0950876c9bc96fcb231899a909', 'path': 'media/videos/RL agent against rojo_398_cbbabc13.mp4', 'size': 859397}","{'_type': 'video-file', 'sha256': '4f25c36b791137b4c40e457bb4796db644ed301e34d7bb0d3f660048ed6f2dc4', 'path': 'media/videos/RL agent against tiamat_440_4f25c36b.mp4', 'size': 552333}","{'path': 'media/videos/RL agent against mixedBot_367_5b650dcd.mp4', 'size': 635301, '_type': 'video-file', 'sha256': '5b650dcd2decd090db291c22075f7e82ca675488d0f27845504d4751dff8d36f'}",140,"{'height': 1200, 'sha256': '0307c55660796622810d8266c6c3b0afd8174a892147989f4232c590d228a67d', 'path': 'media/images/Match results_483_0307c556.png', 'size': 66568, '_type': 'image-file', 'width': 1500, 'format': 'png'}",100,0,"{'path': 'media/videos/RL agent against randomBiasedAI_91_bda03519.mp4', 'size': 1189181, '_type': 'video-file', 'sha256': 'bda0351984837ec301fc8f06cc983333be4f009e950a6b991b93a5422e3460df'}",0.10769230872392654,0,0,36,1034,0.09692307561635972,0,100,100,34,0.7953845858573914,0,64,0,"{'size': 597446, '_type': 'video-file', 'sha256': 'd4c572e67398526e2a3ceb4753bdc967f9c5ab9936348197919cdacb460cc702', 'path': 'media/videos/RL agent against lightRushAI_290_d4c572e6.mp4'}",484,30105.0,0,"{'path': 'media/videos/RL agent against guidedRojoA3N_482_68a2c85b.mp4', 'size': 1028860, '_type': 'video-file', 'sha256': '68a2c85bd8e88139e37fbf24d52cbeb702eac9351ddb818a34b2070ed2119c70'}","{'path': 'media/videos/RL agent against randomAI_175_01d653a7.mp4', 'size': 841919, '_type': 'video-file', 'sha256': '01d653a7445f1efa985d9bf48c245038d579119ab44293332850afc7e0b571a1'}","{'size': 463947, '_type': 'video-file', 'sha256': 'e5c017d4f429baaeaad8dff59a39d7af0615c08abe632d4296fb43768dead908', 'path': 'media/videos/RL agent against passiveAI_254_e5c017d4.mp4'}",0,8,0,32,0,"{'path': 'media/videos/RL agent against coacAI_313_feb8dadd.mp4', 'size': 495288, '_type': 'video-file', 'sha256': 'feb8dadd5f31ef1b3f9cee18c1be2c2879dd350248bda7de0ea1395ade9dd834'}",100,100,68,1617000022.6860876,0,0,58,0,0,100
8,ppo_gridnet_coacai__1__1616027191,True,1,ppo_gridnet_coacai,16,4000,256,True,0,vwxyzjn,True,0.00025,100,100000000,trained_models/ppo_gridnet_coacai/agent-2.pt,16,gym-microrts-paper-eval,True,88,92,8,"{'path': 'media/videos/rl-video-step-104000-to-step-106000_2af002a6.mp4', 'size': 1098827, '_type': 'video-file', 'sha256': '2af002a66fd2691375c20bf4499669a351f12f75f5d92c1fe0a8c4859686e532'}",62,91,"{'path': 'media/videos/rl-video-step-104000-to-step-106000_193a8f3b.mp4', 'size': 768339, '_type': 'video-file', 'sha256': '193a8f3b5105edf1bcefd00781199e3c91a21a79c9e4b309edc543edf49567cd'}",4,9,0,1,0,5433185,"{'size': 663391, '_type': 'video-file', 'sha256': '43b4e0d7cba60389152ec52177e99b4edca2fe59a4d0b0c90773b03f07d25894', 'path': 'media/videos/rl-video-step-64000-to-step-66000_43b4e0d7.mp4'}","{'path': 'media/videos/rl-video-step-64000-to-step-66000_aa8e1a96.mp4', 'size': 699681, '_type': 'video-file', 'sha256': 'aa8e1a96b9ae4f01a9f4e62a1c5717016e4c2c39f086f1e3829867d98df366c7'}",0,0,9,123,"{'sha256': '94fe7350075d87c6834f2c0a820109c4a4bdc1da58cf623bff055c02901765f4', 'path': 'media/videos/rl-video-step-64000-to-step-66000_94fe7350.mp4', 'size': 770964, '_type': 'video-file'}","{'path': 'media/videos/rl-video-step-64000-to-step-66000_17ea91b7.mp4', 'size': 734909, '_type': 'video-file', 'sha256': '17ea91b73d541e014ce155410c5a6a46d8fa1728c40ae33ecd5d3a69c22bbec3'}","{'path': 'media/videos/rl-video-step-64000-to-step-66000_129d5bf7.mp4', 'size': 740325, '_type': 'video-file', 'sha256': '129d5bf74b3d7227c9421b6cfbad6c11c9abd97446cdd0f1b60dccc231a37d21'}",946,"{'path': 'media/images/Match results_392_1e7c4466.png', 'size': 71427, '_type': 'image-file', 'width': 1500, 'format': 'png', 'height': 1200, 'sha256': '1e7c44668897a3a8670724f22dc49ab1ed85e061fac99e2d41df2b4c8f6edf12'}",0,0,"{'path': 'media/videos/rl-video-step-104000-to-step-106000_d63b4a35.mp4', 'size': 783860, '_type': 'video-file', 'sha256': 'd63b4a3539bbc7d9cb7b80cba5ef670c6cd70e5e127830d4ecd00a14a3e12454'}",0.7276923060417175,0,91,0,231,0.0946153849363327,13,85,0,0,0.17769230902194977,94,100,2,"{'_type': 'video-file', 'sha256': '6ed3df83318e692bd7d40a83dd27b01599759e9cf439971755b0e46187681b13', 'path': 'media/videos/rl-video-step-104000-to-step-106000_6ed3df83.mp4', 'size': 721588}",393,29623.10577440262,98,"{'path': 'media/videos/rl-video-step-104000-to-step-106000_6b3bd765.mp4', 'size': 1000412, '_type': 'video-file', 'sha256': '6b3bd765e7c0b584cce036195489bf751920d20d210b2deebf14ca79b4509d9a'}","{'path': 'media/videos/rl-video-step-64000-to-step-66000_48ad0b37.mp4', 'size': 628340, '_type': 'video-file', 'sha256': '48ad0b3780709fbcd8252b4b6d2cdfb137ef2027f2dcbabeacfe91ed773cb942'}","{'path': 'media/videos/rl-video-step-16000-to-step-18000_6c13c2c3.mp4', 'size': 547983, '_type': 'video-file', 'sha256': '6c13c2c365fc677b30ddce6fa8c45ba5dbd917e4c3be849d5067ae50af70e05c'}",15,97,0,0,0,"{'_type': 'video-file', 'sha256': 'fa055ad7ccbcda8a456360d2763090781b788c4ce9382aabc716ef59acd02085', 'path': 'media/videos/rl-video-step-64000-to-step-66000_fa055ad7.mp4', 'size': 736559}",6,25,100,1616056814.721936,100,96,3,0,0,11
9,ppo_gridnet_diverse_encode_decode__1__1616005043,True,1,ppo_gridnet_diverse_encode_decode,16,4000,256,True,0,vwxyzjn,True,0.00025,100,100000000,trained_models/ppo_gridnet_diverse_encode_decode/agent-1.pt,16,gym-microrts-paper-eval,True,98,100,0,"{'path': 'media/videos/rl-video-step-104000-to-step-106000_99e09765.mp4', 'size': 1237102, '_type': 'video-file', 'sha256': '99e097657b04dd4de8561add162bf2852ac653ea0e13dc6278df0c1687e47279'}",59,1,"{'path': 'media/videos/rl-video-step-104000-to-step-106000_1a73f328.mp4', 'size': 1108942, '_type': 'video-file', 'sha256': '1a73f32893ba4bae7ff284595663d2225067d56f1d7d946dce739817773401a7'}",2,96,0,0,0,838191,"{'size': 813495, '_type': 'video-file', 'sha256': 'f94204662ecd0ca381009fb377b92d638c737e2003e8c07991998bcfd59b5bcd', 'path': 'media/videos/rl-video-step-104000-to-step-106000_f9420466.mp4'}","{'size': 749827, '_type': 'video-file', 'sha256': '7d77fe3b7eb43fb371d9aeb9b330c51e99354133f5aab4695949c1dc52cdad1b', 'path': 'media/videos/rl-video-step-64000-to-step-66000_7d77fe3b.mp4'}",0,0,5,93,"{'_type': 'video-file', 'sha256': '0592c718818375d4b563593a4a5636725d70381213ab5287ca0ca0bd4296fab0', 'path': 'media/videos/rl-video-step-64000-to-step-66000_0592c718.mp4', 'size': 797309}","{'path': 'media/videos/rl-video-step-64000-to-step-66000_bf9e95d4.mp4', 'size': 681221, '_type': 'video-file', 'sha256': 'bf9e95d47e18402a692ad92b81a2350b66353dfd3778ccc225f9016ba7994f10'}","{'sha256': '14050b5c642e3e7624c6a43be6010aedf1c2650a08271878532990361d6e28c8', 'path': 'media/videos/rl-video-step-64000-to-step-66000_14050b5c.mp4', 'size': 645922, '_type': 'video-file'}",1155,"{'path': 'media/images/Match results_368_0b890c98.png', 'size': 68954, '_type': 'image-file', 'width': 1500, 'format': 'png', 'height': 1200, 'sha256': '0b890c9863741b4874c4b90ff20b0cd2116b1d4972b2465faca76288ecce6768'}",0,0,"{'path': 'media/videos/rl-video-step-64000-to-step-66000_ab386f18.mp4', 'size': 899585, '_type': 'video-file', 'sha256': 'ab386f1868e40f5f9cb6fbfb6fa3ae428ae6f35094f7b25448f2ab05d8b99364'}",0.8884615302085876,0,95,0,52,0.07153846323490143,3,0,0,0,0.03999999910593033,96,100,13,"{'path': 'media/videos/rl-video-step-104000-to-step-106000_1d122e36.mp4', 'size': 718154, '_type': 'video-file', 'sha256': '1d122e3617cbb09cd52cd23c098907ce6c7f6e124f0e3a6e130b5925f0d2b066'}",369,29065.341205596924,87,"{'_type': 'video-file', 'sha256': '5acff466f7ee8ea5e3c3b31bb801b41ac22414ef9076d6e4f898d00bc8e81bc1', 'path': 'media/videos/rl-video-step-64000-to-step-66000_5acff466.mp4', 'size': 819971}","{'path': 'media/videos/rl-video-step-16000-to-step-18000_42d60382.mp4', 'size': 594888, '_type': 'video-file', 'sha256': '42d603822117cdd15d3c70f7477c48bac45457e74a84a94289a2fa18d8847038'}","{'size': 539533, '_type': 'video-file', 'sha256': 'f8127d538916475b08793eeb3ffc1e8b1d3af7c816cd79bb731ce68bb37ac12a', 'path': 'media/videos/rl-video-step-16000-to-step-18000_f8127d53.mp4'}",100,100,0,0,0,"{'sha256': '46a3a04937dd5aee0aa0aeaf729babad322cdc2581aff75ab6cf7864b55656d6', 'path': 'media/videos/rl-video-step-104000-to-step-106000_46a3a049.mp4', 'size': 827251, '_type': 'video-file'}",4,38,100,1616034109.13471,100,98,0,3,0,2
10,ppo_gridnet_diverse_impala__1__1614642970,True,1,ppo_gridnet_diverse_impala,16,4000,256,True,0,vwxyzjn,True,0.00025,100,100000000,trained_models/ppo_gridnet_diverse_impala/agent-3.pt,16,gym-microrts-paper-eval,True,79,95,5,"{'sha256': '4baac31907051449c9820a3748292e108a948a00bc88b4cc22dc4a70c53caec4', 'path': 'media/videos/rl-video-step-104000-to-step-106000_4baac319.mp4', 'size': 636996, '_type': 'video-file'}",49,2,"{'size': 817147, '_type': 'video-file', 'sha256': '7d08ae4e73c4e957797974ee9cc83288630fe55bac8e216a490a50574583e995', 'path': 'media/videos/rl-video-step-104000-to-step-106000_7d08ae4e.mp4'}",5,90,0,0,1,5266113,"{'path': 'media/videos/rl-video-step-104000-to-step-106000_b6a52db5.mp4', 'size': 1018888, '_type': 'video-file', 'sha256': 'b6a52db51ec76ad947b6b2b57598a151743ace2eded202607c95bf97a521175c'}","{'path': 'media/videos/rl-video-step-64000-to-step-66000_631141a7.mp4', 'size': 781786, '_type': 'video-file', 'sha256': '631141a7b61f732d30ef40bca96d0486cd3d0f66c3771cd2025a946899cccc26'}",0,0,20,108,"{'_type': 'video-file', 'sha256': '50b15f2f77cccb91c804a127e60e0f13840494dbda7b323303883a7747f779c1', 'path': 'media/videos/rl-video-step-64000-to-step-66000_50b15f2f.mp4', 'size': 833433}","{'sha256': '3059b689da8d4881fa234ad3b0ac26d42ba5b5140af9c74b5dfccd74108f6441', 'path': 'media/videos/rl-video-step-64000-to-step-66000_3059b689.mp4', 'size': 704765, '_type': 'video-file'}","{'sha256': '4c28cbbfbf75adf7e2166fc71f25c5123fc6420ab45627b89a8f7a88edebdc21', 'path': 'media/videos/rl-video-step-64000-to-step-66000_4c28cbbf.mp4', 'size': 720217, '_type': 'video-file'}",1086,"{'_type': 'image-file', 'width': 1500, 'format': 'png', 'height': 1200, 'sha256': 'a6f7476fd7ea9cd91fa47c42d117554584ecd13f65c7f89303ffd5bdcc2446d1', 'path': 'media/images/Match results_386_a6f7476f.png', 'size': 72709}",0,0,"{'path': 'media/videos/rl-video-step-64000-to-step-66000_35a5c0e1.mp4', 'size': 881800, '_type': 'video-file', 'sha256': '35a5c0e117dee3653a077dcbfeb64cb1397a0b906d796d4ac76b8b4b99f3a0e6'}",0.8353846073150635,2,80,0,106,0.08307692408561707,6,1,0,0,0.08153846114873886,89,100,12,"{'path': 'media/videos/rl-video-step-104000-to-step-106000_7cfe0586.mp4', 'size': 772020, '_type': 'video-file', 'sha256': '7cfe05863ed3437223047e993099c5ebd03dad68627f7f5363596d1c266a588c'}",387,33625.92124414444,87,"{'size': 478126, '_type': 'video-file', 'sha256': '18510772f740660727a14633190af5cad3576f68fa64c9c0d68e205aad38b8b8', 'path': 'media/videos/rl-video-step-104000-to-step-106000_18510772.mp4'}","{'path': 'media/videos/rl-video-step-16000-to-step-18000_ac839226.mp4', 'size': 808476, '_type': 'video-file', 'sha256': 'ac83922689ff52a0bc2f44074b27a11e1a1d00b21de3f8af7ba3e11c7d996fd3'}","{'path': 'media/videos/rl-video-step-16000-to-step-18000_f60b8006.mp4', 'size': 523357, '_type': 'video-file', 'sha256': 'f60b800657df33e7924a7696afeebb2090a9de68915bbd78edba8b202670a3da'}",99,100,0,0,0,"{'sha256': 'dd17eba10df8ab71d49f6579b585c62815c375b5503dd195a63c3d88e1c5253c', 'path': 'media/videos/rl-video-step-104000-to-step-106000_dd17eba1.mp4', 'size': 759340, '_type': 'video-file'}",11,45,100,1614676596.2527163,100,93,0,8,0,21
11,ppo_diverse_impala__1__1614638745,True,1,ppo_diverse_impala,16,4000,256,True,0,vwxyzjn,True,0.00025,100,100000000,trained_models/ppo_diverse_impala/agent-2.pt,16,gym-microrts-paper-eval,True,89,99,1,"{'path': 'media/videos/rl-video-step-104000-to-step-106000_50a10cec.mp4', 'size': 629511, '_type': 'video-file', 'sha256': '50a10cec0773caeb97ef17eff31c7028522da5e556cc654ab4233c54743a71f2'}",92,44,"{'path': 'media/videos/rl-video-step-64000-to-step-66000_39c95bc0.mp4', 'size': 573368, '_type': 'video-file', 'sha256': '39c95bc076bc0f41e1f00560f217e68dbe44308a90f1f951adbad7fe3389a5ff'}",0,54,2,0,0,220175,"{'sha256': '8465b9becb25cc2e84e98802b3def5392ce628dabf82fc6685cb0b9915ce3aba', 'path': 'media/videos/rl-video-step-104000-to-step-106000_8465b9be.mp4', 'size': 597032, '_type': 'video-file'}","{'path': 'media/videos/rl-video-step-104000-to-step-106000_810d09ae.mp4', 'size': 607047, '_type': 'video-file', 'sha256': '810d09ae57e2bda25a63c91ff528e19ed880782bef1c6df8f249272a43e91490'}",0,0,0,33,"{'path': 'media/videos/rl-video-step-64000-to-step-66000_ee48719c.mp4', 'size': 679235, '_type': 'video-file', 'sha256': 'ee48719c6bce2d91199c4f14d42f140363e1a5b39b1aab0e16254a392c20de48'}","{'path': 'media/videos/rl-video-step-16000-to-step-18000_070eb16f.mp4', 'size': 522674, '_type': 'video-file', 'sha256': '070eb16fb5a1b71212d049716d9fdf75de2f56c7c81ebeb7d41a1cf898542883'}","{'_type': 'video-file', 'sha256': 'bc9f96ec3414b0c592b944b9926b0ee8dfbf28f8b624b68763850b1163b4cf90', 'path': 'media/videos/rl-video-step-64000-to-step-66000_bc9f96ec.mp4', 'size': 535172}",1179,"{'format': 'png', 'height': 1200, 'sha256': 'd55d2fef0bf96eedeef699e30c74b37bccaec162963e37234e3a17f7926ad34b', 'path': 'media/images/Match results_338_d55d2fef.png', 'size': 70123, '_type': 'image-file', 'width': 1500}",0,0,"{'sha256': '8f4cd7184dcac9c5a32c46f6939a41ac11251d3e5175342f059f1dfa5945184e', 'path': 'media/videos/rl-video-step-64000-to-step-66000_8f4cd718.mp4', 'size': 580088, '_type': 'video-file'}",0.9069230556488036,0,100,0,88,0.02538461610674858,4,29,0,0,0.06769230961799622,100,100,76,"{'path': 'media/videos/rl-video-step-104000-to-step-106000_e5099b5f.mp4', 'size': 547861, '_type': 'video-file', 'sha256': 'e5099b5f2f66a546cfed1052fa480e62615f0ec0ecf8a643d0d43fee2790b1ad'}",339,22493.43586754799,24,"{'path': 'media/videos/rl-video-step-104000-to-step-106000_167e2292.mp4', 'size': 672348, '_type': 'video-file', 'sha256': '167e229220225492cbcc26632e1ebb06f1b9bd88354fdc3026b79983737896cd'}","{'size': 514549, '_type': 'video-file', 'sha256': '4c1012b6cb6f2e57ccbcac6eb203dd199113164fa19f6f7294d733e6b9c3eb80', 'path': 'media/videos/rl-video-step-16000-to-step-18000_4c1012b6.mp4'}","{'path': 'media/videos/rl-video-step-16000-to-step-18000_ad758633.mp4', 'size': 464146, '_type': 'video-file', 'sha256': 'ad75863370083dc93cc3ecaea733eea548f00871b7c54b44587c2c729a35888b'}",69,100,0,0,0,"{'path': 'media/videos/rl-video-step-104000-to-step-106000_b58d502e.mp4', 'size': 568517, '_type': 'video-file', 'sha256': 'b58d502e4baca7c5a45c9200d2fa6d8d60d1b98f24044ed692704198be4826a4'}",0,4,100,1614661239.3531773,100,100,0,2,0,11
12,ppo_gridnet_diverse__1__1614614413,True,1,ppo_gridnet_diverse,16,4000,256,True,0,vwxyzjn,True,0.00025,100,100000000,trained_models/ppo_gridnet_diverse/agent-1.pt,16,gym-microrts-paper-eval,True,95,96,4,"{'path': 'media/videos/rl-video-step-104000-to-step-106000_29698627.mp4', 'size': 262, '_type': 'video-file', 'sha256': '296986278ea57ef9b5508ce6a23b7c1797f102f29d3a35923d3117d76b0bf414'}",62,31,"{'path': 'media/videos/rl-video-step-104000-to-step-106000_29698627.mp4', 'size': 262, '_type': 'video-file', 'sha256': '296986278ea57ef9b5508ce6a23b7c1797f102f29d3a35923d3117d76b0bf414'}",10,63,0,0,1,5433185,"{'_type': 'video-file', 'sha256': '296986278ea57ef9b5508ce6a23b7c1797f102f29d3a35923d3117d76b0bf414', 'path': 'media/videos/rl-video-step-104000-to-step-106000_29698627.mp4', 'size': 262}","{'path': 'media/videos/rl-video-step-64000-to-step-66000_29698627.mp4', 'size': 262, '_type': 'video-file', 'sha256': '296986278ea57ef9b5508ce6a23b7c1797f102f29d3a35923d3117d76b0bf414'}",0,0,1,88,"{'_type': 'video-file', 'sha256': '296986278ea57ef9b5508ce6a23b7c1797f102f29d3a35923d3117d76b0bf414', 'path': 'media/videos/rl-video-step-64000-to-step-66000_29698627.mp4', 'size': 262}","{'path': 'media/videos/rl-video-step-16000-to-step-18000_29698627.mp4', 'size': 262, '_type': 'video-file', 'sha256': '296986278ea57ef9b5508ce6a23b7c1797f102f29d3a35923d3117d76b0bf414'}","{'path': 'media/videos/rl-video-step-16000-to-step-18000_29698627.mp4', 'size': 262, '_type': 'video-file', 'sha256': '296986278ea57ef9b5508ce6a23b7c1797f102f29d3a35923d3117d76b0bf414'}",1129,"{'format': 'png', 'height': 1200, 'sha256': '80390f63deedcd580986034a18015dd833fa95a7eaea1b39adf4431bb39beca3', 'path': 'media/images/Match results_348_80390f63.png', 'size': 72553, '_type': 'image-file', 'width': 1500}",0,0,"{'path': 'media/videos/rl-video-step-64000-to-step-66000_29698627.mp4', 'size': 262, '_type': 'video-file', 'sha256': '296986278ea57ef9b5508ce6a23b7c1797f102f29d3a35923d3117d76b0bf414'}",0.868461549282074,1,99,0,83,0.06769230961799622,5,1,0,0,0.063846156001091,99,100,27,"{'path': 'media/videos/rl-video-step-64000-to-step-66000_29698627.mp4', 'size': 262, '_type': 'video-file', 'sha256': '296986278ea57ef9b5508ce6a23b7c1797f102f29d3a35923d3117d76b0bf414'}",349,28552.024119377136,72,"{'size': 262, '_type': 'video-file', 'sha256': '296986278ea57ef9b5508ce6a23b7c1797f102f29d3a35923d3117d76b0bf414', 'path': 'media/videos/rl-video-step-104000-to-step-106000_29698627.mp4'}","{'path': 'media/videos/rl-video-step-16000-to-step-18000_29698627.mp4', 'size': 262, '_type': 'video-file', 'sha256': '296986278ea57ef9b5508ce6a23b7c1797f102f29d3a35923d3117d76b0bf414'}","{'path': 'media/videos/rl-video-step-16000-to-step-18000_29698627.mp4', 'size': 262, '_type': 'video-file', 'sha256': '296986278ea57ef9b5508ce6a23b7c1797f102f29d3a35923d3117d76b0bf414'}",99,100,0,0,0,"{'size': 262, '_type': 'video-file', 'sha256': '296986278ea57ef9b5508ce6a23b7c1797f102f29d3a35923d3117d76b0bf414', 'path': 'media/videos/rl-video-step-104000-to-step-106000_29698627.mp4'}",1,33,100,1614642965.4491098,100,89,0,6,0,5
13,ppo_coacai_no_mask__1__1614560626,True,1,ppo_coacai_no_mask,16,4000,256,True,0,vwxyzjn,True,0.00025,100,100000000,trained_models/ppo_coacai_no_mask/agent-3.pt,16,gym-microrts-paper-eval,True,0,0,3,"{'path': 'media/videos/rl-video-step-104000-to-step-106000_476ef825.mp4', 'size': 735934, '_type': 'video-file', 'sha256': '476ef82538565f9e8724f31d3a783947199571c5fe1e44e0516a2cb06ae2bbe1'}",0,100,"{'size': 546254, '_type': 'video-file', 'sha256': '00bc30fe37522a0f970be780672a653ffe64fa83f159dedc8eab46e09c6338d1', 'path': 'media/videos/rl-video-step-64000-to-step-66000_00bc30fe.mp4'}",100,0,0,0,100,387247,"{'path': 'media/videos/rl-video-step-16000-to-step-18000_fcfdcb21.mp4', 'size': 610564, '_type': 'video-file', 'sha256': 'fcfdcb2151ccb3389841c802e49460636fcc08e2f32dce2767eb1984d93c6b6c'}","{'path': 'media/videos/rl-video-step-16000-to-step-18000_d0fb11ae.mp4', 'size': 609761, '_type': 'video-file', 'sha256': 'd0fb11ae4b3922e1eb66043ea5c23519b60c1e9a9e4d7a1c36a595772c556283'}",0,0,100,256,"{'sha256': '578e53a0ae88c07588b8b027628dc67bb57486e47bbabf2f8ee8e8e7ff04d83b', 'path': 'media/videos/rl-video-step-104000-to-step-106000_578e53a0.mp4', 'size': 744833, '_type': 'video-file'}","{'path': 'media/videos/rl-video-step-64000-to-step-66000_d0c972cd.mp4', 'size': 548278, '_type': 'video-file', 'sha256': 'd0c972cd8b06d24f9ea88e40d41b7ee26d44dfb4515f7f90ef8fd067e5dde1eb'}","{'path': 'media/videos/rl-video-step-64000-to-step-66000_608702e7.mp4', 'size': 586265, '_type': 'video-file', 'sha256': '608702e7414ab1441dad35584eb63447c869ee50988120e6ab79b9502066ee31'}",0,"{'format': 'png', 'height': 1200, 'sha256': '24238d03dfc7d93a052bb2cdeef996b35eb9370227da8c0de404494fcaa3f830', 'path': 'media/images/Match results_557_24238d03.png', 'size': 64263, '_type': 'image-file', 'width': 1500}",90,0,"{'path': 'media/videos/rl-video-step-104000-to-step-106000_505d71e8.mp4', 'size': 858256, '_type': 'video-file', 'sha256': '505d71e80c30f54d81bfb0fdd12e8a3f4c5271274dd0607f6cd0177a215b5cdd'}",0.0,0,0,100,1044,0.19692307710647583,0,100,97,57,0.8030769228935242,0,0,0,"{'size': 476781, '_type': 'video-file', 'sha256': '352a3b4ed0003c7e8f2ff5e39727dbd91b57be5fbaa8c0acb8f375d62d7ae024', 'path': 'media/videos/rl-video-step-64000-to-step-66000_352a3b4e.mp4'}",558,33173.40446519852,0,"{'path': 'media/videos/rl-video-step-104000-to-step-106000_a8a43d1a.mp4', 'size': 844801, '_type': 'video-file', 'sha256': 'a8a43d1aae4ee6033b0bac604efb65d436273b26da023e585e8690c007cbd0aa'}","{'path': 'media/videos/rl-video-step-104000-to-step-106000_b2f7d1c1.mp4', 'size': 402181, '_type': 'video-file', 'sha256': 'b2f7d1c1641794cf5e3515ee404d3166e6317d30afb81a04c9a8dba1e241e659'}","{'path': 'media/videos/rl-video-step-104000-to-step-106000_319731bf.mp4', 'size': 349429, '_type': 'video-file', 'sha256': '319731bfe8bc274bbaba523bb076c6ef477569b7f04651058ac6b6421073dd4e'}",0,0,10,100,0,"{'path': 'media/videos/rl-video-step-104000-to-step-106000_2c43c6ea.mp4', 'size': 614625, '_type': 'video-file', 'sha256': '2c43c6ea27e3f4b3fe503df969e22f7b4cc9e606305557189a48f1e71ab82070'}",100,100,0,1614593799.7929833,0,0,43,0,0,100
14,ppo_coacai__1__1614560577,True,1,ppo_coacai,16,4000,256,True,0,vwxyzjn,True,0.00025,100,100000000,trained_models/ppo_coacai/agent-2.pt,16,gym-microrts-paper-eval,True,81,98,2,"{'path': 'media/videos/rl-video-step-104000-to-step-106000_f8a5faf7.mp4', 'size': 711387, '_type': 'video-file', 'sha256': 'f8a5faf7f98b243a58f63a61605a89abd49ed659a47f47892a840f441e0a23f0'}",80,37,"{'_type': 'video-file', 'sha256': 'f9928212bf00f0cec72be00344816ff8d99db9ad26120239cc139a27b902f0fa', 'path': 'media/videos/rl-video-step-104000-to-step-106000_f9928212.mp4', 'size': 583136}",7,54,0,0,5,387247,"{'path': 'media/videos/rl-video-step-104000-to-step-106000_a3c6bc8d.mp4', 'size': 472117, '_type': 'video-file', 'sha256': 'a3c6bc8dbe5784b154c27c2694d0ebd6f8ca85f5069470b1d20d728111cdfac7'}","{'path': 'media/videos/rl-video-step-64000-to-step-66000_dccc723f.mp4', 'size': 610437, '_type': 'video-file', 'sha256': 'dccc723f026d18ee40e866435683d3723ce576c8d04547f2e264405d5d1983da'}",0,0,2,115,"{'path': 'media/videos/rl-video-step-64000-to-step-66000_99aa470f.mp4', 'size': 666884, '_type': 'video-file', 'sha256': '99aa470f99dc15cd9878ae9d3909d1d74ccc3591c8564e4f682c6765c4b7067b'}","{'_type': 'video-file', 'sha256': 'ec7a186f9f19c764d0533255b29249301b25e61f0aaa471f1e9f2618ede46b1c', 'path': 'media/videos/rl-video-step-64000-to-step-66000_ec7a186f.mp4', 'size': 533771}","{'path': 'media/videos/rl-video-step-64000-to-step-66000_3edcb482.mp4', 'size': 563174, '_type': 'video-file', 'sha256': '3edcb482c3f53a3b460f8eef83d8339d262e7110126ed1ea170a54d2abcf9048'}",1068,"{'width': 1500, 'format': 'png', 'height': 1200, 'sha256': 'd3965456108cb55ca803a817f49e57d65f579a748a2ebe4a221bd4a716c013b2', 'path': 'media/images/Match results_413_d3965456.png', 'size': 76692, '_type': 'image-file'}",1,1,"{'path': 'media/videos/rl-video-step-104000-to-step-106000_c8ccdb09.mp4', 'size': 616000, '_type': 'video-file', 'sha256': 'c8ccdb093101fbb4b2f9fb67ef08c500c4856aa5a1ac5d4c07a97f68855fc39e'}",0.8215384483337402,1,97,2,117,0.08846154063940048,9,34,0,0,0.09000000357627869,99,98,13,"{'path': 'media/videos/rl-video-step-104000-to-step-106000_c877a8d6.mp4', 'size': 567188, '_type': 'video-file', 'sha256': 'c877a8d6b994facf5ea5cf69101b2082140cf9f4f584db8fd850b64bca9899cc'}",414,23412.881182670593,82,"{'path': 'media/videos/rl-video-step-104000-to-step-106000_18b32029.mp4', 'size': 675009, '_type': 'video-file', 'sha256': '18b32029b836c23a80c57212809ef90c3a00424d5b75e85181cc6543c52bed62'}","{'path': 'media/videos/rl-video-step-64000-to-step-66000_8d2587f5.mp4', 'size': 508347, '_type': 'video-file', 'sha256': '8d2587f592444d9a7860e32ca5d9a6729327fab7c6520bcf9435b0d55f0e4b55'}","{'path': 'media/videos/rl-video-step-16000-to-step-18000_280acfc1.mp4', 'size': 463294, '_type': 'video-file', 'sha256': '280acfc10561d5855be664dbc8371ef87ba35c7e1f40fca7682ffcf541d5ffe5'}",66,91,0,0,0,"{'path': 'media/videos/rl-video-step-104000-to-step-106000_ff10545a.mp4', 'size': 543280, '_type': 'video-file', 'sha256': 'ff10545af11bf8042850470b7b5afa054d9e712118820af73d485ee6439f36e5'}",1,11,100,1614583990.6903186,99,92,9,9,0,19
